Fecha,J,Tmin,Tmax,Uz,Rs,lluvia,fc,ETo,ETc,Pe,Ks,RAW,DND,De_end,RSWC,fase,prioridad,pct_dnd,decision,plan_pulsos,deuda_mm,dias_sin_riego,riego_neto_programado_mm,riego_bruto_programado_mm,riego_neto_aplicado_mm,riego_bruto_aplicado_mm,perdidas_sistema_mm,eficiencia_riego
,99,9.48,25.94,2.43,21.92,0.0,0.0386,4.53209333443998,2.3873262266340043,0.0,1.0,41.87162666224008,2.3873262266340043,4.141574006665039,0.6479545454545456,Floracion,0.194,65.0,POSPONER_DEUDA,null,1.5517620473121028,1,0.0,0.0,0.0,0.0,0.0,0.9
,100,8.01,27.68,1.83,23.15,0.0,0.04,4.598581333627528,2.4387502324123176,0.0,0.9866142547813258,41.605674665489886,2.4387502324123176,5.305083325012854,0.6038419854876738,Floracion,0.194,65.0,POSPONER_DEUDA,null,3.1369496983801093,2,0.0,0.0,0.0,0.0,0.0,0.9
,101,11.02,26.88,2.28,20.38,0.0,0.0415,4.679864454702813,2.4664313736674064,0.0,0.9396190903397317,41.28054218118875,2.4664313736674064,6.496837025766597,0.5587996847661431,Floracion,0.194,65.0,POSPONER_DEUDA,null,4.740130091263923,3,0.0,0.0,0.0,0.0,0.0,0.9
,102,9.62,22.26,3.15,21.71,0.0,0.043,4.183236021461642,2.0076129936346505,0.0,0.9290456015737681,43.26705591415344,2.0076129936346505,7.529068786600248,0.5131302168936261,Floracion,0.194,65.0,REGAR_COMPLETO,"{""num_pulsos"": 2, ""mm_por_pulso"": 3.0, ""horas_por_pulso"": 3.33, ""descanso_entre_pulsos_h"": 0.5, ""horas_totales_aprox"": 7.17}",0.0,0,6.0,6.67,0.0,0.0,0.0,0.9
,103,5.73,23.32,1.57,25.55,0.0,0.0446,4.140589148702167,2.0428433086258138,0.0,1.0,43.43764340519133,2.0428433086258138,2.5473295110861036,0.47547718032086406,Floracion,0.194,65.0,POSPONER_DEUDA,null,1.327848150606779,1,0.0,0.0,6.0,6.67,0.67,0.9
,104,7.67,24.14,2.36,23.94,0.0,0.0463,4.6315953111396,2.4496188092871396,0.0,1.0,41.4736187554416,2.4496188092871396,3.7132356736301757,0.7074107065466423,Floracion,0.194,65.0,POSPONER_DEUDA,null,2.9201003766434197,2,0.0,0.0,0.0,0.0,0.0,0.9
,105,5.46,26.28,1.62,26.01,0.0,0.0481,4.5970692181457435,2.4001446639055453,0.0,0.9969024635332365,41.61172312741703,2.4001446639055453,4.86534302749094,0.6621891631106674,Floracion,0.194,65.0,POSPONER_DEUDA,null,4.480194408182024,3,0.0,0.0,0.0,0.0,0.0,0.9
,106,8.6,26.61,1.72,26.19,0.0,0.0499,4.811176539527638,2.488171973591281,0.0,0.9419790562028665,40.755293841889454,2.488171973591281,6.0789800381285,0.6178058018198835,Floracion,0.194,65.0,REGAR_COMPLETO,"{""num_pulsos"": 2, ""mm_por_pulso"": 3.0, ""horas_por_pulso"": 3.33, ""descanso_entre_pulsos_h"": 0.5, ""horas_totales_aprox"": 7.17}",0.0,0,6.0,6.67,0.0,0.0,0.0,0.9
,107,8.55,26.95,2.19,24.27,0.0,0.0518,4.9181755218829535,2.6219006345618103,0.0,1.0,40.32729791246819,2.6219006345618103,1.3186752980670582,0.5716460704381854,Floracion,0.194,65.0,POSPONER_DEUDA,null,1.7042354124651768,1,0.0,0.0,6.0,6.67,0.67,0.9
,108,5.66,27.28,2.85,27.56,0.0,0.0538,5.846955872458169,3.4262223970605277,0.0,0.9891047890883423,36.61217651016733,3.4262223970605277,2.8388838249061825,0.7628107887239645,Floracion,0.194,65.0,POSPONER_DEUDA,null,3.93127997055452,2,0.0,0.0,0.0,0.0,0.0,0.9
,109,8.01,24.54,3.71,19.32,0.0,0.0558,4.454314658104762,2.2650985895344875,0.0,1.0,42.18274136758096,2.2650985895344875,3.942215982317908,0.7004123733939336,Floracion,0.194,65.0,REGAR_PARCIAL_NO_CRITICO,"{""num_pulsos"": 2, ""mm_por_pulso"": 2.41, ""horas_por_pulso"": 2.68, ""descanso_entre_pulsos_h"": 0.5, ""horas_totales_aprox"": 5.86}",0.583594053751936,0,4.82,5.36,0.0,0.0,0.0,0.9
,110,7.67,17.98,4.5,20.28,0.2,0.0578,4.086041135025297,2.2979382577280347,0.0,1.0,43.65583545989881,2.2979382577280347,1.0482516869519245,0.6584025713244851,Floracion,0.194,65.0,POSPONER_DEUDA,null,2.0772539212751586,1,0.0,0.0,4.82,5.36,0.54,0.9
,111,7.94,15.91,3.64,13.52,2.41,0.0599,2.6600476235568458,1.2268574764586146,0.0,1.0,49.359809505772624,1.2268574764586146,0.6371950598258398,0.7906765600538472,Floracion,0.194,65.0,POSPONER_DEUDA,null,2.874711280973258,2,0.0,0.0,0.0,0.0,0.0,0.9
,112,5.8,18.85,4.19,22.05,0.0,0.062,4.053335982105604,2.1832779886016738,0.0,1.0,43.78665607157759,2.1832779886016738,1.6598769328843497,0.8050548074865819,Floracion,0.194,65.0,POSPONER_DEUDA,null,4.293841973564346,3,0.0,0.0,0.0,0.0,0.0,0.9
,113,3.05,20.39,2.43,22.87,0.0,0.0642,3.9708761294205854,2.0377385297507025,0.0,1.0,44.11649548231766,2.0377385297507025,2.6443173595789773,0.7648769481172387,Floracion,0.194,65.0,REGAR_PARCIAL_NO_CRITICO,"{""num_pulsos"": 2, ""mm_por_pulso"": 2.74, ""horas_por_pulso"": 3.05, ""descanso_entre_pulsos_h"": 0.5, ""horas_totales_aprox"": 6.59}",0.13837201790230225,0,5.48,6.09,0.0,0.0,0.0,0.9
,114,3.93,20.93,3.73,20.65,0.2,0.0664,4.297060874646577,2.3702591719963344,0.0,1.0,42.8117565014137,2.3702591719963344,1.092198351635383,0.72714667159511,Floracion,0.194,65.0,POSPONER_DEUDA,null,1.6790404796999197,1,0.0,0.0,5.48,6.09,0.61,0.9
,115,4.52,16.37,5.86,26.76,0.0,0.0686,4.756879396731189,2.984060177402205,0.0,1.0,40.97248241307525,2.984060177402205,2.328986994785492,0.855290512058591,Floracion,0.194,65.0,POSPONER_DEUDA,null,3.618679595011353,2,0.0,0.0,0.0,0.0,0.0,0.9
,116,5.66,20.73,5.37,23.59,0.0,0.0708,4.631966890397475,2.562910297823568,0.0,1.0,41.4721324384101,2.562910297823568,3.5062703090996568,0.8016171579391695,Floracion,0.194,65.0,REGAR_COMPLETO,"{""num_pulsos"": 2, ""mm_por_pulso"": 2.64, ""horas_por_pulso"": 2.94, ""descanso_entre_pulsos_h"": 0.5, ""horas_totales_aprox"": 6.37}",0.00457128859667133,0,5.28,5.87,0.0,0.0,0.0,0.9
,117,8.27,20.06,4.39,26.23,0.0,0.0731,5.260579623234596,3.234928639894867,0.0,1.0,38.957681507061615,3.234928639894867,1.3677507020409951,0.754632113520436,Floracion,0.194,65.0,POSPONER_DEUDA,null,2.1072749045283348,1,0.0,0.0,5.28,5.87,0.59,0.9
,118,5.66,23.86,2.98,27.23,0.0,0.0754,5.190817851422701,2.8540315418854725,0.0,1.0,39.23672859430919,2.8540315418854725,2.6824664231925395,0.872235991227681,Floracion,0.194,65.0,POSPONER_DEUDA,null,3.962395406753892,2,0.0,0.0,0.0,0.0,0.0,0.9
,119,5.06,24.93,2.97,26.29,0.0,0.0778,5.4054279246865775,3.1368176629215387,0.0,1.0,38.37828830125369,3.1368176629215387,4.078137868291185,0.8198853550916031,Floracion,0.194,65.0,REGAR_COMPLETO,"{""num_pulsos"": 2, ""mm_por_pulso"": 3.0, ""horas_por_pulso"": 3.33, ""descanso_entre_pulsos_h"": 0.5, ""horas_totales_aprox"": 7.17}",0.0,0,6.0,6.67,0.0,0.0,0.0,0.9
,120,5.46,25.54,2.41,28.62,0.0,0.0802,5.345872287902125,2.9367031224846123,0.0,1.0,38.6165108483915,2.9367031224846123,1.3518466378984728,0.7627277435006846,Floracion,0.194,65.0,POSPONER_DEUDA,null,1.908857029614998,1,0.0,0.0,6.0,6.67,0.67,0.9
,121,9.68,26.34,2.26,28.55,0.0,0.0828,5.560685187105862,3.0762360665517297,0.0,1.0,37.75725925157655,3.0762360665517297,2.760638531275247,0.8994019071780692,Floracion,0.194,65.0,POSPONER_DEUDA,null,3.9084104728736224,2,0.0,0.0,0.0,0.0,0.0,0.9
,122,6.0,23.93,3.13,28.88,0.0,0.0854,5.745710249228833,3.4675599165838995,0.0,1.0,37.01715900308467,3.4675599165838995,4.254523196074744,0.8430392848425113,Floracion,0.194,65.0,REGAR_COMPLETO,"{""num_pulsos"": 2, ""mm_por_pulso"": 3.0, ""horas_por_pulso"": 3.33, ""descanso_entre_pulsos_h"": 0.5, ""horas_totales_aprox"": 7.17}",0.0,0,6.0,6.67,0.0,0.0,0.0,0.9
,123,1.65,23.93,1.93,29.62,0.0,0.0883,5.049563640541854,2.797264510968174,0.0,1.0,39.80174543783259,2.797264510968174,1.2780795939543486,0.7802323104483266,Floracion,0.194,65.0,POSPONER_DEUDA,null,1.8182219321293134,1,0.0,0.0,6.0,6.67,0.67,0.9
,124,2.79,26.21,1.6,30.12,0.0,0.0913,5.312814785045409,3.126705990838918,0.0,1.0,38.74874085981837,3.126705990838918,2.65232905727676,0.9229489424862278,Floracion,0.194,65.0,POSPONER_DEUDA,null,3.8505808261746104,2,0.0,0.0,0.0,0.0,0.0,0.9
,125,6.26,28.29,2.13,28.44,0.0,0.0944,5.741041934367536,3.354413871117571,0.0,1.0,37.03583226252986,3.354413871117571,4.132108067617326,0.8661060235842163,Floracion,0.194,65.0,REGAR_COMPLETO,"{""num_pulsos"": 2, ""mm_por_pulso"": 3.0, ""horas_por_pulso"": 3.33, ""descanso_entre_pulsos_h"": 0.5, ""horas_totales_aprox"": 7.17}",0.0,0,6.0,6.67,0.0,0.0,0.0,0.9
,126,7.0,30.3,1.85,27.83,0.0,0.0978,5.704409807993268,3.2247736317634126,0.0,1.0,37.18236076802693,3.2247736317634126,1.4510044880113306,0.8050814301284249,Floracion,0.194,65.0,POSPONER_DEUDA,null,2.0961028606462184,1,0.0,0.0,6.0,6.67,0.67,0.9
,127,7.34,27.28,1.41,15.55,0.0,0.1012,3.714564797967576,1.9634148258422006,0.0,1.0,45.1417408081297,1.9634148258422006,2.372273494809339,0.9309145900774781,Floracion,0.194,65.0,POSPONER_DEUDA,null,3.3723224974436485,2,0.0,0.0,0.0,0.0,0.0,0.9
,128,12.63,29.5,2.92,24.31,0.0,0.1049,5.96567038307225,3.4465195235478023,0.0,1.0,36.137318467711005,3.4465195235478023,3.899251891033729,0.8947706348909907,Floracion,0.194,65.0,REGAR_COMPLETO,"{""num_pulsos"": 2, ""mm_por_pulso"": 2.81, ""horas_por_pulso"": 3.12, ""descanso_entre_pulsos_h"": 0.5, ""horas_totales_aprox"": 6.74}",0.0,0,5.62,6.24,0.0,0.0,0.0,0.9
,129,12.16,29.23,2.13,26.17,0.0,0.1086,5.76847005002337,3.3323212833207436,0.0,1.0,36.92611979990652,3.3323212833207436,1.4750348323951832,0.8320198025518567,Floracion,0.194,65.0,POSPONER_DEUDA,null,2.1660088341584833,1,0.0,0.0,5.62,6.24,0.62,0.9
,130,9.81,31.7,1.45,26.41,0.0,0.1125,5.440396519105665,2.9621902801858564,0.0,1.0,38.23841392357734,2.9621902801858564,2.834662991717144,0.9395873135750104,Floracion,0.194,65.0,POSPONER_DEUDA,null,4.09143251627929,2,0.0,0.0,0.0,0.0,0.0,0.9
,131,12.83,29.9,2.68,27.24,0.0,0.1164,6.410071603511762,3.848742169492141,0.0,1.0,34.35971358595295,3.848742169492141,4.494723131574544,0.8852906094265657,Floracion,0.194,65.0,REGAR_COMPLETO,"{""num_pulsos"": 2, ""mm_por_pulso"": 3.0, ""horas_por_pulso"": 3.33, ""descanso_entre_pulsos_h"": 0.5, ""horas_totales_aprox"": 7.17}",0.0,0,6.0,6.67,0.0,0.0,0.0,0.9
,132,12.09,30.83,3.36,28.79,0.0,0.1205,7.125991532247359,4.495327183219396,0.0,1.0,31.496033871010564,4.495327183219396,1.8527577983843133,0.8155643103862408,Floracion,0.194,65.0,POSPONER_DEUDA,null,2.9219626690926073,1,0.0,0.0,6.0,6.67,0.67,0.9
,133,10.75,26.61,2.73,26.44,0.0,0.1246,5.751786957630253,3.4602002631282174,0.0,1.0,36.992852169478994,3.4602002631282174,3.340310824849343,0.9419961342941165,Floracion,0.194,65.0,POSPONER_DEUDA,null,5.171092840125949,2,0.0,0.0,0.0,0.0,0.0,0.9
,134,7.54,24.6,2.74,28.21,0.0,0.1288,5.433980969397709,3.0251502079959143,0.0,1.0,38.26407612240917,3.0251502079959143,4.703506237824385,0.8793468281439584,Floracion,0.194,65.0,REGAR_COMPLETO,"{""num_pulsos"": 2, ""mm_por_pulso"": 3.0, ""horas_por_pulso"": 3.33, ""descanso_entre_pulsos_h"": 0.5, ""horas_totales_aprox"": 7.17}",0.0,0,6.0,6.67,0.0,0.0,0.0,0.9
,135,6.53,25.47,2.53,27.05,0.0,0.1331,5.3782306628410765,3.109211485654048,0.0,1.0,38.487077348635694,3.109211485654048,1.3668508580009107,0.8240913254020599,Floracion,0.194,65.0,POSPONER_DEUDA,null,2.020987465675131,1,0.0,0.0,6.0,6.67,0.67,0.9
,136,8.82,24.6,2.81,30.11,0.0,0.1374,5.795239090094726,3.4157599188017325,0.0,1.0,36.8190436396211,3.4157599188017325,2.848932969418386,0.95034834972197,Floracion,0.194,65.0,POSPONER_DEUDA,null,4.241231412896258,2,0.0,0.0,0.0,0.0,0.0,0.9
,137,6.4,23.67,2.82,30.4,0.0,0.1417,5.738398940557692,3.48717793905528,0.0,1.0,37.04640423776923,3.48717793905528,4.332320374028747,0.8883985742694223,Floracion,0.194,65.0,REGAR_COMPLETO,"{""num_pulsos"": 2, ""mm_por_pulso"": 3.0, ""horas_por_pulso"": 3.33, ""descanso_entre_pulsos_h"": 0.5, ""horas_totales_aprox"": 7.17}",0.0,0,6.0,6.67,0.0,0.0,0.0,0.9
,138,6.47,24.0,1.52,21.88,0.0,0.1461,4.283291468147073,2.407711279018235,0.0,1.0,42.86683412741171,2.407711279018235,1.0734478656277988,0.8253823235007197,Floracion,0.194,65.0,POSPONER_DEUDA,null,1.565012331361853,1,0.0,0.0,6.0,6.67,0.67,0.9
,139,6.94,26.41,2.35,24.43,0.0,0.1505,5.412684503902178,3.291610712013866,0.0,1.0,38.34926198439129,3.291610712013866,2.4698564670913212,0.9596863735522644,Floracion,0.194,65.0,POSPONER_DEUDA,null,3.704559294170866,2,0.0,0.0,0.0,0.0,0.0,0.9
,140,11.02,23.73,2.15,21.7,0.0,0.1548,4.5459489928064425,2.5566090270634727,0.0,1.0,41.81620402877424,2.5566090270634727,3.606701943463878,0.9002333839011218,Floracion,0.194,65.0,REGAR_PARCIAL_NO_CRITICO,"{""num_pulsos"": 1, ""mm_por_pulso"": 2.33, ""horas_por_pulso"": 2.59, ""descanso_entre_pulsos_h"": 0.0, ""horas_totales_aprox"": 2.59}",3.036355161762123,0,2.33,2.59,0.0,0.0,0.0,0.9
,141,9.2,19.72,3.6,22.03,0.2,0.1592,4.581524344681191,2.787375088137625,0.0,1.0,41.67390262127524,2.787375088137625,2.2562266038887975,0.8536532433377497,Floracion,0.194,65.0,POSPONER_DEUDA,null,4.8481489690515795,1,0.0,0.0,2.33,2.59,0.26,0.9
,142,4.86,17.51,3.39,23.6,0.0,0.1635,4.155904041364614,2.384070579248679,0.0,1.0,43.37638383454154,2.384070579248679,3.3009230199401385,0.9126806433730612,Floracion,0.194,65.0,REGAR_COMPLETO,"{""num_pulsos"": 2, ""mm_por_pulso"": 3.0, ""horas_por_pulso"": 3.33, ""descanso_entre_pulsos_h"": 0.5, ""horas_totales_aprox"": 7.17}",0.0,0,6.0,6.67,0.0,0.0,0.0,0.9
,143,4.12,20.06,2.68,22.1,0.0,0.1679,4.274131327987318,2.480799403115668,0.0,1.0,42.90347468805073,2.480799403115668,1.0779800118525595,0.8693629750656966,Floracion,0.194,65.0,POSPONER_DEUDA,null,1.6125196120251843,1,0.0,0.0,6.0,6.67,0.67,0.9
,144,3.85,23.66,2.94,22.6,0.0,0.1721,5.0656711543867,3.1227014789718566,0.0,1.0,39.737315382453204,3.1227014789718566,2.3845886503676557,0.9713514262967806,Floracion,0.194,65.0,POSPONER_DEUDA,null,3.6422755733568914,2,0.0,0.0,0.0,0.0,0.0,0.9
,145,4.86,24.67,1.86,26.4,0.0,0.1763,4.905339512589297,2.846001313293592,0.0,1.0,40.37864194964281,2.846001313293592,3.618824697610171,0.9150891187368059,Floracion,0.194,65.0,REGAR_COMPLETO,"{""num_pulsos"": 2, ""mm_por_pulso"": 2.75, ""horas_por_pulso"": 3.05, ""descanso_entre_pulsos_h"": 0.5, ""horas_totales_aprox"": 6.6}",0.0,0,5.5,6.11,0.0,0.0,0.0,0.9
,146,4.65,23.46,2.32,29.84,0.0,0.1805,5.364692201516349,3.2643985694059974,0.0,1.0,38.54123119393461,3.2643985694059974,1.3736266656621443,0.8634776043492219,Floracion,0.194,65.0,POSPONER_DEUDA,null,2.1218590701138984,1,0.0,0.0,5.5,6.11,0.61,0.9
,147,10.15,25.34,2.58,20.62,0.0,0.1845,5.023110228963567,3.1475961386708033,0.0,1.0,39.90755908414573,3.1475961386708033,2.673626804451621,0.9774864910131993,Floracion,0.194,65.0,POSPONER_DEUDA,null,4.16779656024992,2,0.0,0.0,0.0,0.0,0.0,0.9
,148,7.53,19.45,2.76,15.83,2.61,0.1885,3.2915138377614546,1.7032501909888993,0.0,1.0,46.83394464895419,1.7032501909888993,0.8547241186821444,0.9209068805197167,Floracion,0.194,65.0,REGAR_COMPLETO,"{""num_pulsos"": 2, ""mm_por_pulso"": 2.64, ""horas_por_pulso"": 2.93, ""descanso_entre_pulsos_h"": 0.5, ""horas_totales_aprox"": 6.36}",0.0,0,5.28,5.87,0.0,0.0,0.0,0.9
,149,5.26,24.0,2.17,24.97,0.0,0.1924,4.786322779560596,2.7677053819663824,0.0,1.0,40.85470888175762,2.7677053819663824,1.1976121267353323,0.9483396417204345,Floracion,0.194,65.0,POSPONER_DEUDA,null,1.7990084982781487,1,0.0,0.0,5.28,5.87,0.59,0.9
,150,12.29,26.41,2.24,27.09,0.0,0.1961,5.615243219392398,3.373283577666847,0.0,1.0,37.53902712243041,3.373283577666847,2.6222899798903496,0.9967623531256087,Floracion,0.194,65.0,POSPONER_DEUDA,null,3.9916428237615995,2,0.0,0.0,0.0,0.0,0.0,0.9
,151,8.87,23.46,2.35,19.88,2.61,0.1998,4.293019634311086,2.417814116549416,0.0,1.0,42.82792146275566,2.417814116549416,1.0735792501714096,0.9358833599976926,Floracion,0.194,65.0,REGAR_COMPLETO,"{""num_pulsos"": 2, ""mm_por_pulso"": 2.78, ""horas_por_pulso"": 3.09, ""descanso_entre_pulsos_h"": 0.5, ""horas_totales_aprox"": 6.68}",0.0032219995187201533,0,5.56,6.18,0.0,0.0,0.0,0.9
,152,7.2,22.53,1.64,17.22,0.2,0.2034,3.6034041782940474,1.9305726301474149,0.0,1.0,45.58638328682381,1.9305726301474149,0.8734673074159097,0.9506636598693415,Floracion,0.194,65.0,POSPONER_DEUDA,null,1.25809420911454,1,0.0,0.0,5.56,6.18,0.62,0.9
,153,5.86,28.09,1.48,30.44,0.0,0.207,5.583532952561076,3.4306218186037793,0.0,1.0,37.6658681897557,3.4306218186037793,2.2987736811980426,1.0,Floracion,0.194,65.0,POSPONER_DEUDA,null,3.4879983912069967,2,0.0,0.0,0.0,0.0,0.0,0.9
,154,7.34,29.5,1.78,31.33,0.0,0.2105,6.114730436481386,3.7418957025835358,0.0,1.0,35.541078254074456,3.7418957025835358,3.8557346539169073,0.9382680159775953,Floracion,0.194,65.0,REGAR_COMPLETO,"{""num_pulsos"": 2, ""mm_por_pulso"": 2.96, ""horas_por_pulso"": 3.29, ""descanso_entre_pulsos_h"": 0.5, ""horas_totales_aprox"": 7.08}",0.00023059788629531397,0,5.92,6.58,0.0,0.0,0.0,0.9
,155,8.93,30.3,2.64,31.65,0.0,0.2139,6.9973530719433175,4.50511577690463,0.0,1.0,32.01058771222674,4.50511577690463,1.8172958866687463,0.8709168781898464,Floracion,0.194,65.0,POSPONER_DEUDA,null,2.928555852874305,1,0.0,0.0,5.92,6.58,0.66,0.9
,156,12.49,31.17,2.26,26.41,0.0,0.2173,6.134168606942522,3.8112611063097734,0.0,1.0,35.46332557222991,3.8112611063097734,3.3860038496582217,1.0,Floracion,0.194,65.0,REGAR_PARCIAL_NO_CRITICO,"{""num_pulsos"": 2, ""mm_por_pulso"": 2.13, ""horas_por_pulso"": 2.37, ""descanso_entre_pulsos_h"": 0.5, ""horas_totales_aprox"": 5.23}",1.1458755719756581,0,4.26,4.73,0.0,0.0,0.0,0.9
,157,13.63,32.43,3.06,21.35,1.21,0.2207,6.257231529124407,4.023452450433836,0.0,1.0,34.97107388350237,4.023452450433836,1.6213825966945234,0.9315322643778339,Floracion,0.194,65.0,POSPONER_DEUDA,null,3.7611196647576515,1,0.0,0.0,4.26,4.73,0.47,0.9
,158,11.42,34.38,1.28,29.59,0.0,0.224,6.081655344434902,3.6404734750375143,0.0,1.0,35.673378622260394,3.6404734750375143,3.1509180134630315,1.0,Floracion,0.194,65.0,REGAR_COMPLETO,"{""num_pulsos"": 2, ""mm_por_pulso"": 3.0, ""horas_por_pulso"": 3.33, ""descanso_entre_pulsos_h"": 0.5, ""horas_totales_aprox"": 7.17}",0.0,0,6.0,6.67,0.0,0.0,0.0,0.9
,159,8.28,37.65,1.34,30.98,0.0,0.2273,6.608287662231367,4.008834946372899,0.0,1.0,33.56684935107454,4.008834946372899,1.669382849059032,0.9343604946793551,Floracion,0.198,60.44,POSPONER_DEUDA,null,2.4229398415877803,1,0.0,0.0,6.0,6.67,0.67,0.9
,160,10.34,37.32,1.8,29.6,0.0,0.2306,6.958122359505242,4.382289722514011,0.0,1.0,32.167510561979036,4.382289722514011,3.45248199498878,1.0,Floracion,0.202,56.61,POSPONER_DEUDA,null,4.903754053502962,2,0.0,0.0,0.0,0.0,0.0,0.9
,161,12.56,35.71,2.11,23.87,1.21,0.2339,6.270424702698165,3.900272163844785,0.0,1.0,34.91830118920735,3.900272163844785,3.8398213168818653,0.9214330881530343,Floracion,0.206,53.21,REGAR_COMPLETO,"{""num_pulsos"": 2, ""mm_por_pulso"": 3.0, ""horas_por_pulso"": 3.33, ""descanso_entre_pulsos_h"": 0.5, ""horas_totales_aprox"": 7.17}",0.0,0,6.0,6.67,0.0,0.0,0.0,0.9
,162,12.96,34.25,2.2,28.82,0.0,0.2371,6.845436493261396,4.301039091256893,0.0,1.0,32.61825402695442,4.301039091256893,1.7495423979162295,0.8786530115206989,Floracion,0.21,50.08,POSPONER_DEUDA,null,2.153960376901452,1,0.0,0.0,6.0,6.67,0.67,0.9
,163,9.21,37.92,1.53,29.85,0.0,0.2403,6.7580564651589,4.243397232825143,0.0,1.0,32.9677741393644,4.243397232825143,3.474853949675058,1.0,Floracion,0.214,47.06,POSPONER_DEUDA,null,4.1509031146689646,2,0.0,0.0,0.0,0.0,0.0,0.9
,164,14.37,36.71,1.18,29.04,0.0,0.2436,6.20396752926962,3.804085033037867,0.0,1.0,35.184129882921525,3.804085033037867,5.0421102773843005,0.9239330112027091,Floracion,0.218,44.04,REGAR_COMPLETO,"{""num_pulsos"": 2, ""mm_por_pulso"": 2.91, ""horas_por_pulso"": 3.24, ""descanso_entre_pulsos_h"": 0.5, ""horas_totales_aprox"": 6.97}",0.006222163218840393,0,5.82,6.47,0.0,0.0,0.0,0.9
,165,14.76,36.58,2.5,31.46,0.0,0.2468,7.951595023064396,5.343307683704099,0.0,1.0,28.193619907742416,5.343307683704099,2.067414705996743,0.8555826131599313,Cuajado,0.218,40.91,POSPONER_DEUDA,null,0.0,1,0.0,0.0,5.82,6.47,0.65,0.9
,166,13.7,33.32,2.52,30.51,0.0,0.25,7.362789830301675,4.892891422390434,0.0,1.0,30.548840678793304,4.892891422390434,3.9817400618751786,0.9905728460676105,Cuajado,0.214,37.55,POSPONER_DEUDA,null,0.0,1,0.0,0.0,0.0,0.0,0.0,0.9
,167,11.08,33.52,2.58,27.06,3.02,0.2532,6.845212408621174,4.527207588108261,0.015000000000000013,1.0,32.6191503655153,4.512207588108262,2.741495288116684,0.9034416289559207,Cuajado,0.21,33.81,POSPONER_DEUDA,null,0.0,1,0.0,0.0,0.0,0.0,0.0,0.9
,168,5.91,30.57,1.42,31.01,21.31,0.2564,5.837390132645325,3.5079274309252058,13.732499999999998,1.0,36.6504394694187,-10.224572569074793,1.4577724719277376,0.8910443695948311,Cuajado,0.206,29.5,POSPONER_DEUDA,null,0.0,1,0.0,0.0,0.0,0.0,0.0,0.9
,169,12.49,33.11,2.05,30.82,0.0,0.2597,6.783695753433714,4.341005207715931,0.0,1.0,32.865216986265146,4.341005207715931,3.194440912974896,1.0,Cuajado,0.202,24.33,POSPONER_DEUDA,null,0.0,1,0.0,0.0,0.0,0.0,0.0,0.9
,170,13.77,33.45,2.79,27.44,0.0,0.2629,6.7264834886691744,4.15208544626387,0.0,1.0,33.09406604532331,4.15208544626387,4.889642901518995,0.9224016566601302,Cuajado,0.198,17.84,POSPONER_DEUDA,null,0.0,1,0.0,0.0,0.0,0.0,0.0,0.9
,171,13.1,33.31,2.12,29.55,0.0,0.2662,6.6644765753633175,4.16314902420601,0.0,1.0,33.34209369854673,4.16314902420601,6.575974923823102,0.8479174352410555,Cuajado,0.194,9.29,POSPONER_DEUDA,null,0.0,1,0.0,0.0,0.0,0.0,0.0,0.9
,172,11.75,33.78,1.75,30.28,0.0,0.2694,6.511574940162451,3.997233714415339,0.0,1.0,33.9537002393502,3.997233714415339,8.210495146994083,0.7733379314291987,Cuajado,0.194,9.29,POSPONER_DEUDA,null,0.0,1,0.0,0.0,0.0,0.0,0.0,0.9
,173,13.16,32.98,2.08,17.41,7.84,0.2727,5.064820661546528,3.1903057847016183,3.63,1.0,39.74071735381389,-0.4396942152983816,1.6542711150751912,0.7016120102105028,Cuajado,0.194,9.29,POSPONER_DEUDA,null,0.0,1,0.0,0.0,0.0,0.0,0.0,0.9
,174,11.42,33.77,1.27,24.99,4.82,0.276,5.422403526240054,3.288055931777075,1.3650000000000002,1.0,38.310385895039786,1.9230559317770748,1.3519710181200377,0.9026006955825117,Cuajado,0.194,9.29,POSPONER_DEUDA,null,0.0,1,0.0,0.0,0.0,0.0,0.0,0.9
,175,12.29,26.61,1.86,15.89,5.83,0.2794,3.755588696690515,2.0788028369474936,2.1225,1.0,44.97764521323794,-0.04369716305250648,0.9024444901493127,0.959519227838985,Cuajado,0.194,9.29,POSPONER_DEUDA,null,0.0,1,0.0,0.0,0.0,0.0,0.0,0.9
,176,12.02,23.19,2.56,17.76,0.0,0.2827,4.009104022475825,2.329023891259491,0.0,1.0,43.9635839100967,2.329023891259491,1.8832408952949378,1.0,Cuajado,0.194,9.29,POSPONER_DEUDA,null,0.0,1,0.0,0.0,0.0,0.0,0.0,0.9
,177,11.82,27.15,1.7,26.42,0.4,0.2861,5.2487248406817955,3.198381114091939,0.0,1.0,39.00510063727282,3.198381114091939,2.790981209295956,0.9579891237419312,Cuajado,0.194,9.29,POSPONER_DEUDA,null,0.0,1,0.0,0.0,0.0,0.0,0.0,0.9
,178,12.49,30.61,1.26,27.75,0.0,0.2896,5.494376319690449,3.26093535598995,0.0,1.0,38.0224947212382,3.26093535598995,4.1441217297638655,0.9095986413823817,Cuajado,0.194,9.29,POSPONER_DEUDA,null,0.0,1,0.0,0.0,0.0,0.0,0.0,0.9
,179,12.02,30.75,2.28,31.26,0.0,0.293,6.6816755417164195,4.355743663292934,0.0,1.0,33.27329783313432,4.355743663292934,5.853176201683897,0.8509329121884577,Cuajado,0.194,9.29,POSPONER_DEUDA,null,0.0,1,0.0,0.0,0.0,0.0,0.0,0.9
,180,15.7,26.68,2.46,30.45,0.0,0.2966,6.446842555766804,4.27830961850749,0.0,1.0,34.212629776932786,4.27830961850749,7.51322599726025,0.773329406836379,Cuajado,0.194,9.29,POSPONER_DEUDA,null,0.0,1,0.0,0.0,0.0,0.0,0.0,0.9
,181,13.36,29.88,1.97,30.92,0.0,0.3002,6.3968505038592225,4.230812168431092,0.0,1.0,34.41259798456311,4.230812168431092,9.1564808078914,0.6972490334174842,Cuajado,0.194,9.29,POSPONER_DEUDA,null,0.0,1,0.0,0.0,0.0,0.0,0.0,0.9
,182,11.95,28.35,2.43,30.4,0.0,0.3039,6.4438729223345925,4.342944198796098,0.0,1.0,34.22450831066163,4.342944198796098,10.823730796006682,0.6220006974813569,Cuajado,0.194,9.29,POSPONER_DEUDA,null,0.0,1,0.0,0.0,0.0,0.0,0.0,0.9
,183,13.23,27.21,1.97,24.7,1.61,0.3076,5.203448730297667,3.18054825970341,0.0,1.0,39.18620507880933,3.18054825970341,10.504358239044224,0.5449087512819974,Cuajado,0.194,9.29,POSPONER_DEUDA,null,0.0,1,0.0,0.0,0.0,0.0,0.0,0.9
,184,11.95,24.53,2.82,17.48,7.44,0.3115,4.011529928966134,2.2911632619802558,3.33,1.0,43.953880284135465,-1.0388367380197443,4.031500999343759,0.5241389585012224,Cuajado,0.194,9.29,POSPONER_DEUDA,null,0.0,1,0.0,0.0,0.0,0.0,0.0,0.9
,185,11.42,25.34,2.33,27.99,0.2,0.3155,5.331424347248068,3.1836745559982407,0.0,1.0,38.67430261100773,3.1836745559982407,5.138546524447693,0.7251183585380244,Cuajado,0.194,9.29,POSPONER_DEUDA,null,0.0,1,0.0,0.0,0.0,0.0,0.0,0.9
,186,11.89,31.62,1.29,29.81,0.0,0.3195,5.856372258224445,3.6885342446136264,0.0,1.0,36.57451096710223,3.6885342446136264,6.604623545820525,0.6724507707709326,Cuajado,0.194,9.29,POSPONER_DEUDA,null,0.0,1,0.0,0.0,0.0,0.0,0.0,0.9
,187,14.37,27.75,2.48,26.22,0.0,0.3236,5.990279713818604,4.0223321673713865,0.0,1.0,36.038881144725586,4.0223321673713865,8.14416189165941,0.606589489829726,Cuajado,0.194,9.29,POSPONER_DEUDA,null,0.0,1,0.0,0.0,0.0,0.0,0.0,0.9
,188,15.64,26.54,2.41,27.37,0.0,0.3278,5.821965110761795,3.760278439715502,0.0,1.0,36.71213955695282,3.760278439715502,9.613973139185111,0.535224434728012,Cuajado,0.194,9.29,POSPONER_DEUDA,null,0.0,1,0.0,0.0,0.0,0.0,0.0,0.9
,189,13.3,29.56,1.78,31.12,0.0,0.332,6.190660745353853,4.027029093826471,0.0,1.0,35.23735701858459,4.027029093826471,11.179901487884667,0.46827313143986843,Cuajado,0.194,9.29,POSPONER_DEUDA,null,0.0,1,0.0,0.0,0.0,0.0,0.0,0.9
,190,14.17,29.55,2.05,25.2,0.0,0.3362,5.576902760110129,3.5254905552304643,0.0,1.0,37.69238895955949,3.5254905552304643,12.571970059911498,0.4054206520610557,Cuajado,0.194,9.29,POSPONER_DEUDA,null,0.0,1,0.0,0.0,0.0,0.0,0.0,0.9
,191,12.49,28.69,2.27,28.97,0.0,0.3405,6.338324485238624,4.17076464611153,0.0,0.9287498855537019,34.64670205904551,4.17076464611153,14.211963453334407,0.3893063664123996,Cuajado,0.194,9.29,POSPONER_DEUDA,null,0.0,1,0.0,0.0,0.0,0.0,0.0,0.9
,192,12.29,29.49,2.11,31.96,0.0,0.3447,6.653641172031385,4.269558470823419,0.0,0.8731738622454485,33.38543531187446,4.269558470823419,15.941094421647534,0.3702461688671388,Cuajado,0.203,9.76,POSPONER_DEUDA,null,0.4167089067523657,2,0.0,0.0,0.0,0.0,0.0,0.9
,193,14.3,30.42,2.19,31.33,0.0,0.349,6.655943222072189,4.077038604765377,0.0,0.8349222329586429,33.37622711171125,4.077038604765377,17.653000665658087,0.35117289971174454,Cuajado,0.254,12.94,POSPONER_DEUDA,null,0.9442777022090055,3,0.0,0.0,0.0,0.0,0.0,0.9
,194,14.71,32.15,1.59,28.77,0.0,0.3532,6.089683528530799,3.018685087542377,0.0,0.8275572476739713,35.641265885876805,3.018685087542377,18.597096139738106,0.33347108937736814,Cuajado,0.274,14.21,POSPONER_DEUDA,null,1.3732328531487772,4,0.0,0.0,0.0,0.0,0.0,0.9
,195,14.24,34.1,1.7,30.57,0.0,0.3574,6.587419127804198,2.736593958954726,0.0,0.7714573747039908,33.65032348878321,2.736593958954726,19.206353727101142,0.31798930363161415,Cuajado,0.439,22.66,POSPONER_DEUDA,null,1.993345044247918,5,0.0,0.0,0.0,0.0,0.0,0.9
,196,16.71,33.96,2.23,29.55,0.0,0.3615,6.85303288837805,2.429921054545418,0.0,0.7277415763551045,32.5878684464878,2.429921054545418,19.56423229495352,0.3021647933236704,Cuajado,0.5,25.0,POSPONER_DEUDA,null,2.6008253078842722,6,0.0,0.0,0.0,0.0,0.0,0.9
,197,15.78,35.98,1.9,30.16,0.0,0.3656,6.972767537012148,2.2569069603589087,0.0,0.6920876087687967,32.10892985195141,2.2569069603589087,19.76378273012924,0.28680317763846797,Cuajado,0.5,25.0,POSPONER_DEUDA,null,3.165052047973999,7,0.0,0.0,0.0,0.0,0.0,0.9
,198,15.71,36.31,1.62,29.01,0.0,0.3696,6.588194095073734,1.9615249831888948,0.0,0.6771263287134621,33.647223619705066,1.9615249831888948,19.865795801576937,0.2716048470854273,Cuajado,0.5,25.0,POSPONER_DEUDA,null,3.655433293771223,8,0.0,0.0,0.0,0.0,0.0,0.9
,199,18.04,36.24,2.54,21.78,0.0,0.3735,6.472621037153555,1.8998416537135805,0.0,0.6536558429507161,34.10951585138578,1.8998416537135805,19.922632430195407,0.25791562007906277,Cuajado,0.5,25.0,REGAR_COMPLETO,"{""num_pulsos"": 2, ""mm_por_pulso"": 2.07, ""horas_por_pulso"": 2.29, ""descanso_entre_pulsos_h"": 0.5, ""horas_totales_aprox"": 5.09}",0.0,0,4.14,4.6,0.0,0.0,0.0,0.9
,200,13.1,29.43,2.45,22.63,0.0,0.3773,5.650496337857932,3.306603559505543,0.0,0.7259204679882155,37.39801464856827,3.306603559505543,17.2491448213166,0.24439782769878482,Cuajado,0.5,25.0,POSPONER_DEUDA,null,0.8266508898763858,1,0.0,0.0,4.14,4.6,0.46,0.9
,201,13.83,26.21,3.06,28.72,0.0,0.3809,6.235871585623898,2.850638861438559,0.0,0.6488327208301515,35.056513657504404,2.850638861438559,18.367637075641095,0.2790734731832841,Cuajado,0.5,25.4,POSPONER_DEUDA,null,1.55071316068178,2,0.0,0.0,0.0,0.0,0.0,0.9
,202,12.49,29.68,1.6,30.5,0.0,0.3844,5.953683151084785,2.1413242492030635,0.0,0.6156387166258735,36.18526739566086,2.1413242492030635,19.000271234407712,0.2282855154673049,Cuajado,0.458,32.49,POSPONER_DEUDA,null,2.246429409247855,3,0.0,0.0,0.0,0.0,0.0,0.9
,203,14.98,33.23,1.53,30.04,0.0,0.3878,6.267525594351846,1.9425197497798068,0.0,0.5801938630366387,34.92989762259262,1.9425197497798068,19.407492061691684,0.21678678817406816,Cuajado,0.426,37.01,POSPONER_DEUDA,null,2.9653559686413615,4,0.0,0.0,0.0,0.0,0.0,0.9
,204,16.59,35.44,1.41,29.8,0.0,0.391,6.353182624713932,1.7615674982644687,0.0,0.5536838910076577,34.58726950114428,1.7615674982644687,19.651766898351546,0.20569773956375548,Cuajado,0.412,39.96,POSPONER_DEUDA,null,3.669278340947843,5,0.0,0.0,0.0,0.0,0.0,0.9
,205,14.24,34.97,1.67,27.88,0.0,0.3941,6.256563719983901,1.5617996815987787,0.0,0.5336411046047234,34.9737451200644,1.5617996815987787,19.792942714351845,0.19478393077663822,Cuajado,0.393,39.38,POSPONER_DEUDA,null,4.284315055561442,6,0.0,0.0,0.0,0.0,0.0,0.9
,206,16.91,33.56,1.6,27.59,0.0,0.397,6.072154843395734,1.4494485355319315,0.0,0.5176664072290511,35.71138062641707,1.4494485355319315,19.87429865409056,0.1846077513057804,Cuajado,0.368,38.15,REGAR_COMPLETO,"{""num_pulsos"": 2, ""mm_por_pulso"": 2.42, ""horas_por_pulso"": 2.69, ""descanso_entre_pulsos_h"": 0.5, ""horas_totales_aprox"": 5.87}",0.0,0,4.84,5.38,0.0,0.0,0.0,0.9
,207,16.31,34.97,1.57,29.59,0.0,0.3998,6.418644670408964,3.2171704000668697,0.0,0.5615211868464826,34.32542131836415,3.2171704000668697,16.67443448271426,0.17484970857578222,Cuajado,0.345,35.85,POSPONER_DEUDA,null,1.153355588423973,1,0.0,0.0,4.84,5.38,0.54,0.9
,208,15.85,35.04,1.45,28.92,0.0,0.4026,6.206623909272865,2.7226250683586626,0.0,0.5192398052074968,35.173504362908545,2.7226250683586626,18.006479312204977,0.22634746521079782,PostEnvero,0.321,35.66,POSPONER_DEUDA,null,2.124243687800672,2,0.0,0.0,0.0,0.0,0.0,0.9
,209,15.04,34.1,2.06,28.11,0.0,0.4052,6.55047687242089,2.189414651378809,0.0,0.4673259891091582,33.798092510316444,2.189414651378809,18.848170671533122,0.17580701823488581,PostEnvero,0.297,34.27,POSPONER_DEUDA,null,2.87455608882819,3,0.0,0.0,0.0,0.0,0.0,0.9
,210,16.38,30.61,1.97,29.17,0.0,0.4079,6.279263162638472,1.7434020545372555,0.0,0.4443084170069169,34.88294734944611,1.7434020545372555,19.31375236504507,0.15153364449463852,PostEnvero,0.306,35.01,POSPONER_DEUDA,null,3.484921148121683,4,0.0,0.0,0.0,0.0,0.0,0.9
,211,14.98,31.95,1.88,28.18,0.0,0.4105,6.149991547084277,1.407921133081884,0.0,0.4280843451477078,35.40003381166289,1.407921133081884,19.585092723311465,0.14260487226519114,PostEnvero,0.365,39.22,POSPONER_DEUDA,null,4.037107816516397,5,0.0,0.0,0.0,0.0,0.0,0.9
,212,15.18,34.23,1.69,28.47,0.0,0.4132,6.2450329951232675,1.268717770277931,0.0,0.408088636314919,35.01986801950693,1.268717770277931,19.75146587967465,0.13470238688609856,PostEnvero,0.383,39.7,REGAR_COMPLETO,"{""num_pulsos"": 2, ""mm_por_pulso"": 2.27, ""horas_por_pulso"": 2.52, ""descanso_entre_pulsos_h"": 0.5, ""horas_totales_aprox"": 5.55}",0.0007887713167358257,0,4.54,5.04,0.0,0.0,0.0,0.9
,213,18.38,30.35,2.85,28.85,0.0,0.4158,6.912311123049154,3.158574206529788,0.0,0.446477165866612,32.350755507803385,3.158574206529788,16.984604552221693,0.1270774705955573,PostEnvero,0.223,26.39,POSPONER_DEUDA,null,0.834336504419947,1,0.0,0.0,4.54,5.04,0.5,0.9
,214,16.1,27.21,2.75,27.7,0.0,0.4184,6.136272858278471,2.305880533049253,0.0,0.41901356318303234,35.45490856688612,2.305880533049253,18.169725994947857,0.17443053024191846,PostEnvero,0.309,34.19,POSPONER_DEUDA,null,1.6227170586694866,2,0.0,0.0,0.0,0.0,0.0,0.9
,215,11.95,30.01,1.57,28.75,0.0,0.421,5.605808613211393,1.5624324884054548,0.0,0.3963169872750266,37.57676554715443,1.5624324884054548,18.826060907590904,0.13118704912791862,PostEnvero,0.377,38.43,POSPONER_DEUDA,null,2.2231598639637027,3,0.0,0.0,0.0,0.0,0.0,0.9
,216,16.84,33.03,1.73,28.21,0.0,0.4236,6.081367487341306,1.405015120907426,0.0,0.3603076004598653,35.67453005063478,1.405015120907426,19.282176030716553,0.10944487262216554,PostEnvero,0.473,43.56,POSPONER_DEUDA,null,2.8351844506309773,4,0.0,0.0,0.0,0.0,0.0,0.9
,217,14.57,32.96,1.53,28.21,0.0,0.4261,5.87104061760306,1.1820880884019087,0.0,0.3501354489552713,36.51583752958776,1.1820880884019087,19.551104940712023,0.1030370133137951,PostEnvero,0.5,44.98,POSPONER_DEUDA,null,3.3668876727941557,5,0.0,0.0,0.0,0.0,0.0,0.9
,218,16.23,34.1,1.68,28.27,0.0,0.4285,6.1520545934563335,1.0879150219808162,0.0,0.32990998802028604,35.39178162617467,1.0879150219808162,19.72712679139249,0.09690708150064944,PostEnvero,0.5,45.0,POSPONER_DEUDA,null,3.856449432685523,6,0.0,0.0,0.0,0.0,0.0,0.9
,219,16.31,34.37,1.62,28.28,0.0,0.4309,6.1209994777608765,0.976421316944714,0.0,0.3164041318679804,35.5160020889565,0.976421316944714,19.833463046081384,0.09082459794734005,PostEnvero,0.5,45.0,REGAR_COMPLETO,"{""num_pulsos"": 2, ""mm_por_pulso"": 2.15, ""horas_por_pulso"": 2.39, ""descanso_entre_pulsos_h"": 0.5, ""horas_totales_aprox"": 5.27}",0.0,0,4.3,4.78,0.0,0.0,0.0,0.9
,220,16.97,34.3,1.38,24.24,0.0,0.4331,5.385871805281452,2.25335984117318,0.0,0.3899593011987298,38.4565127788742,2.25335984117318,16.886024053001446,0.08587458562178604,PostEnvero,0.395,39.41,POSPONER_DEUDA,null,0.8880491134063502,1,0.0,0.0,4.3,4.78,0.48,0.9
,221,15.98,35.57,1.64,27.58,0.0,0.4353,6.16422270161554,2.178005897296187,0.0,0.33633067036895914,35.34310919353784,2.178005897296187,18.105482962441116,0.14368554297920447,PostEnvero,0.5,45.0,POSPONER_DEUDA,null,1.8681517671896342,2,0.0,0.0,0.0,0.0,0.0,0.9
,222,14.57,33.23,1.83,28.12,0.0,0.4374,6.083680741161194,1.5619579497754965,0.0,0.3041606247743926,35.665277035355224,1.5619579497754965,18.836953069980467,0.10352426281282273,PostEnvero,0.5,45.0,POSPONER_DEUDA,null,2.5710328445886077,3,0.0,0.0,0.0,0.0,0.0,0.9
,223,13.03,33.43,1.82,28.07,0.0,0.4393,6.061293812001008,1.1940421621850255,0.0,0.280272121794823,35.754824751995976,1.1940421621850255,19.283939136688158,0.07783584123532661,PostEnvero,0.551,53.79,POSPONER_DEUDA,null,3.213308123627933,4,0.0,0.0,0.0,0.0,0.0,0.9
,224,18.11,33.63,1.88,26.86,0.0,0.4411,6.059628434846961,1.0071897530849219,0.0,0.26867177463632047,35.76148626061216,1.0071897530849219,19.558822100807237,0.07422275861349877,PostEnvero,0.581,57.78,REGAR_COMPLETO,"{""num_pulsos"": 2, ""mm_por_pulso"": 1.9, ""horas_por_pulso"": 2.11, ""descanso_entre_pulsos_h"": 0.5, ""horas_totales_aprox"": 4.72}",0.0,0,3.8,4.22,0.0,0.0,0.0,0.9
,225,18.04,29.67,2.68,26.88,0.0,0.4428,6.214985767283727,2.4712512364875523,0.0,0.32019680582283466,35.14005693086509,2.4712512364875523,17.33853104503402,0.07069281672083251,PostEnvero,0.5,45.0,POSPONER_DEUDA,null,1.1120630564193985,1,0.0,0.0,3.8,4.22,0.42,0.9
,226,17.1,28.34,2.61,22.92,0.0,0.4443,5.218816839308016,1.5204516572377926,0.0,0.3005604107285565,39.12473264276793,1.5204516572377926,18.217087824948315,0.11847771632897962,PostEnvero,0.5,45.0,POSPONER_DEUDA,null,1.7962663021764054,2,0.0,0.0,0.0,0.0,0.0,0.9
,227,19.18,31.95,2.27,25.69,0.0,0.4456,6.083716100172729,1.4234473019114173,0.0,0.2607644215798237,35.66513559930909,1.4234473019114173,18.902734754270153,0.09017627195402575,PostEnvero,0.603,60.28,POSPONER_DEUDA,null,2.654320335768608,3,0.0,0.0,0.0,0.0,0.0,0.9
,228,17.24,27.48,3.03,23.58,1.21,0.4468,5.250886269551702,1.345269714518229,0.0,0.26965747032556764,38.996454921793195,1.345269714518229,18.458116377890494,0.06514900286263998,PostEnvero,0.579,57.47,POSPONER_DEUDA,null,3.427446840702234,4,0.0,0.0,0.0,0.0,0.0,0.9
,229,16.1,29.74,2.28,25.58,0.0,0.4477,5.541291695010012,1.1039240649389557,0.0,0.24297838668410993,37.834833219959954,1.1039240649389557,18.99765196026344,0.06506165380575558,PostEnvero,0.655,65.78,REGAR_COMPLETO,"{""num_pulsos"": 2, ""mm_por_pulso"": 2.08, ""horas_por_pulso"": 2.31, ""descanso_entre_pulsos_h"": 0.5, ""horas_totales_aprox"": 5.12}",0.0,0,4.16,4.62,0.0,0.0,0.0,0.9
,230,14.97,30.34,1.93,18.56,0.0,0.4485,4.5136217136060575,1.7474154468030345,0.0,0.33753445145375716,41.945513145575774,1.7474154468030345,15.95296721505852,0.05997374557700964,PostEnvero,0.549,48.64,POSPONER_DEUDA,null,0.849942873324996,1,0.0,0.0,4.16,4.62,0.46,0.9
,231,14.24,32.29,1.53,26.7,0.0,0.4491,5.443117451151481,2.0547677888428497,0.0,0.2889308778569122,38.227530195394074,2.0547677888428497,17.321232368128015,0.14221851212333347,PostEnvero,0.567,52.61,POSPONER_DEUDA,null,1.9309562070352193,2,0.0,0.0,0.0,0.0,0.0,0.9
,232,14.17,30.75,1.79,26.29,0.0,0.4494,5.4675644876741725,1.574847442414515,0.0,0.2552632987529622,38.12974204930331,1.574847442414515,18.24534849394682,0.10211837676399221,PostEnvero,0.618,62.11,POSPONER_DEUDA,null,2.9090939535188745,3,0.0,0.0,0.0,0.0,0.0,0.9
,233,13.43,31.62,1.69,26.32,0.0,0.4494,5.432596844706408,1.1686271533770076,0.0,0.2303299768641029,38.26961262117437,1.1686271533770076,18.846793526900548,0.07271681904069804,PostEnvero,0.693,69.79,REGAR_COMPLETO,"{""num_pulsos"": 2, ""mm_por_pulso"": 1.86, ""horas_por_pulso"": 2.07, ""descanso_entre_pulsos_h"": 0.5, ""horas_totales_aprox"": 4.64}",0.004678843860687731,0,3.72,4.13,0.0,0.0,0.0,0.9
,234,14.64,29.68,1.86,23.3,0.2,0.4491,5.031706063857345,1.9591813274585648,0.0,0.2980855589571742,39.873175744570624,1.9591813274585648,16.207546175292673,0.05280118931215767,PostEnvero,0.607,52.72,POSPONER_DEUDA,null,1.0375592396968432,1,0.0,0.0,3.72,4.13,0.41,0.9
,235,14.44,29.67,1.56,24.03,0.0,0.4486,4.88015871182122,1.730354156797917,0.0,0.268205416995298,40.47936515271512,1.730354156797917,17.37575703250628,0.1242038439589235,PostEnvero,0.627,59.52,POSPONER_DEUDA,null,2.0674660338229636,2,0.0,0.0,0.0,0.0,0.0,0.9
,236,17.91,31.68,1.76,24.08,0.0,0.4477,5.307597570774894,1.4379320480277737,0.0,0.23245650511836774,38.769609716900426,1.4379320480277737,18.255304966587317,0.09030920128057869,PostEnvero,0.686,69.04,POSPONER_DEUDA,null,3.0602143197813385,3,0.0,0.0,0.0,0.0,0.0,0.9
,237,14.77,34.3,0.99,25.9,0.0,0.4465,4.9592254066719565,1.014649782546497,0.0,0.21383912161836127,40.16309837331218,1.014649782546497,18.80199948491953,0.06315705249223695,PostEnvero,0.739,76.34,REGAR_COMPLETO,"{""num_pulsos"": 2, ""mm_por_pulso"": 1.92, ""horas_por_pulso"": 2.13, ""descanso_entre_pulsos_h"": 0.5, ""horas_totales_aprox"": 4.76}",0.0,0,3.84,4.27,0.0,0.0,0.0,0.9
,238,12.09,34.3,2.0,25.97,0.0,0.4451,5.959525307337714,2.273399987309722,0.0,0.26346054930932655,36.161898770649145,2.273399987309722,16.49997687408362,0.04632528253260958,PostCosecha,0.659,61.41,POSPONER_DEUDA,null,1.3960949322069003,1,0.0,0.0,3.84,4.27,0.43,0.9
,239,17.37,34.5,1.97,26.0,0.0,0.4433,5.977647843694186,1.945960613236203,0.0,0.22759015237621508,36.08940862522326,1.945960613236203,17.823979441337052,0.11483518476186559,PostCosecha,0.701,70.79,POSPONER_DEUDA,null,2.7736404503168086,2,0.0,0.0,0.0,0.0,0.0,0.9
,240,17.44,35.24,1.29,25.25,0.0,0.4412,5.264874727652075,1.2038230020921052,0.0,0.20634726522484229,38.9405010893917,1.2038230020921052,18.549720735500305,0.07666592923941626,PostCosecha,0.768,80.81,REGAR_COMPLETO,"{""num_pulsos"": 2, ""mm_por_pulso"": 1.87, ""horas_por_pulso"": 2.08, ""descanso_entre_pulsos_h"": 0.5, ""horas_totales_aprox"": 4.66}",0.006449818307438626,0,3.74,4.16,0.0,0.0,0.0,0.9
,241,14.98,33.09,1.84,23.3,0.0,0.439,5.327697755826054,2.0277013129287838,0.0,0.2705219848216694,38.68920897669579,2.0277013129287838,16.17666028029521,0.05405620500575209,PostCosecha,0.689,62.48,POSPONER_DEUDA,null,1.2733575986253427,1,0.0,0.0,3.74,4.16,0.42,0.9
,242,18.65,30.48,2.88,20.94,0.0,0.4364,5.199535946349725,1.7777443824157,0.0,0.23945164538359368,39.20185621460111,1.7777443824157,17.43892263987041,0.1307014813440213,PostCosecha,0.672,67.39,POSPONER_DEUDA,null,2.4713795379352828,2,0.0,0.0,0.0,0.0,0.0,0.9
,243,18.65,32.36,1.95,23.55,0.0,0.4337,5.307609012203667,1.3361105621644584,0.0,0.20872742394121468,38.76956395118534,1.3361105621644584,18.303157210167406,0.09518027479134748,PostCosecha,0.76,79.44,REGAR_COMPLETO,"{""num_pulsos"": 1, ""mm_por_pulso"": 3.53, ""horas_por_pulso"": 3.93, ""descanso_entre_pulsos_h"": 0.0, ""horas_totales_aprox"": 3.93}",0.002785768518728471,0,3.53,3.92,0.0,0.0,0.0,0.9
,244,16.37,34.57,1.07,21.27,0.0,0.4308,4.4635796770217775,1.6225272796390948,0.0,0.28815832219979354,42.14568129191289,1.6225272796390948,15.874072124876832,0.06938039609622011,PostCosecha,0.736,62.42,POSPONER_DEUDA,null,1.0155672964694513,1,0.0,0.0,3.53,3.92,0.39,0.9
,245,16.1,36.31,1.82,24.3,0.0,0.4277,5.6847661375787455,2.070604233721503,0.0,0.2398613406042542,37.260935449685014,2.070604233721503,17.32947748488228,0.15463992588880587,PostCosecha,0.711,70.95,POSPONER_DEUDA,null,2.4846610002948575,2,0.0,0.0,0.0,0.0,0.0,0.9
,246,16.57,33.43,1.84,23.98,0.0,0.4244,5.352761549820318,1.408172226510259,0.0,0.21133122949020508,38.58895380071873,1.408172226510259,18.242401101608714,0.1131995207337297,PostCosecha,0.752,78.01,REGAR_COMPLETO,"{""num_pulsos"": 1, ""mm_por_pulso"": 3.58, ""horas_por_pulso"": 3.98, ""descanso_entre_pulsos_h"": 0.0, ""horas_totales_aprox"": 3.98}",0.0031761541955104278,0,3.58,3.98,0.0,0.0,0.0,0.9
,247,14.24,31.68,1.61,23.62,0.2,0.421,4.859605197208076,1.8128174017708754,0.0,0.28445403402493563,40.5615792111677,1.8128174017708754,15.685372281267304,0.0858215904128486,PostCosecha,0.773,66.53,POSPONER_DEUDA,null,1.2092435715936738,1,0.0,0.0,3.58,3.98,0.4,0.9
,248,13.9,31.75,1.44,23.71,0.0,0.4175,4.728125838591716,1.7065160737086331,0.0,0.25622202942026545,41.08749664563314,1.7065160737086331,16.875868902072263,0.16969366313488665,PostCosecha,0.777,72.99,POSPONER_DEUDA,null,2.454829653793605,2,0.0,0.0,0.0,0.0,0.0,0.9
,249,13.36,31.62,1.07,22.62,0.0,0.4139,4.26181026143308,1.2601708356545378,0.0,0.23468558423785502,42.952758954267686,1.2601708356545378,17.730492976821264,0.135435481953613,PostCosecha,0.776,77.12,REGAR_COMPLETO,"{""num_pulsos"": 1, ""mm_por_pulso"": 3.43, ""horas_por_pulso"": 3.81, ""descanso_entre_pulsos_h"": 0.0, ""horas_totales_aprox"": 3.81}",0.0,0,3.43,3.81,0.0,0.0,0.0,0.9
,250,12.63,30.41,1.45,22.05,0.0,0.4103,4.446168499799398,1.6928329446966297,0.0,0.30851608303176015,42.21532600080241,1.6928329446966297,15.417241000096032,0.110416527739355,PostCosecha,0.799,65.0,POSPONER_DEUDA,null,1.1003414140528094,1,0.0,0.0,3.43,3.81,0.38,0.9
,251,15.18,30.68,1.56,20.89,0.0,0.4065,4.393712989086802,1.5840860464381017,0.0,0.2802381211337926,42.4251480436528,1.5840860464381017,16.506352722505447,0.20434487013752836,PostCosecha,0.788,68.77,POSPONER_DEUDA,null,2.189717388188292,2,0.0,0.0,0.0,0.0,0.0,0.9
,252,18.31,30.54,2.16,19.61,1.41,0.4027,4.672813338127786,1.7109023735566964,0.0,0.27194141168706215,41.30874664748886,1.7109023735566964,16.27317015688274,0.17212492396437146,PostCosecha,0.784,70.23,POSPONER_LLUVIA,null,3.39128412513716,3,0.0,0.0,0.0,0.0,0.0,0.9
,253,15.64,29.74,1.15,21.53,7.24,0.3989,4.05575558053675,1.5575806166086141,3.18,0.35160880620496965,43.776977677853004,-1.622419383391386,10.032458464246485,0.1690394496210773,PostCosecha,0.792,64.67,POSPONER_DEUDA,null,1.768864741745774,4,0.0,0.0,0.0,0.0,0.0,0.9
,254,13.43,28.14,2.2,22.61,0.0,0.3951,4.708991612572831,1.7945738206710484,0.0,0.33311136581525164,41.16403354970868,1.7945738206710484,11.201177857675932,0.29252268730863273,PostCosecha,0.803,65.0,REGAR_COMPLETO,"{""num_pulsos"": 1, ""mm_por_pulso"": 2.94, ""horas_por_pulso"": 3.26, ""descanso_entre_pulsos_h"": 0.0, ""horas_totales_aprox"": 3.26}",0.0,0,2.94,3.27,0.0,0.0,0.0,0.9
,255,14.1,29.94,1.89,23.56,0.0,0.3913,4.786209393915889,1.9907419201050391,0.0,0.400446704961301,40.85516242433645,1.9907419201050391,9.462741303749393,0.25579661366401873,PostCosecha,0.66,55.78,POSPONER_DEUDA,null,1.1104358430345909,1,0.0,0.0,2.94,3.27,0.33,0.9
,256,14.3,31.01,1.17,20.66,0.0,0.3875,3.9939429214596647,1.5880245363972696,0.0,0.38755362809994176,44.02422831416135,1.5880245363972696,10.448514200635293,0.34735804174984586,PostCosecha,0.697,58.12,POSPONER_DEUDA,null,2.033395703588684,2,0.0,0.0,0.0,0.0,0.0,0.9
,257,13.77,29.34,1.73,22.0,0.0,0.3837,4.381843853916625,1.7224721373916194,0.0,0.349496022039415,42.4726245843335,1.7224721373916194,11.547289828586596,0.3148112126132284,PostCosecha,0.796,65.0,REGAR_PARCIAL_NO_CRITICO,"{""num_pulsos"": 1, ""mm_por_pulso"": 2.94, ""horas_por_pulso"": 3.27, ""descanso_entre_pulsos_h"": 0.0, ""horas_totales_aprox"": 3.27}",0.21300259289323664,0,2.94,3.27,0.0,0.0,0.0,0.9
,258,14.57,26.14,1.57,21.61,0.0,0.3798,3.9556875799631115,1.6229777666312004,0.0,0.43464567026399376,44.177249680147554,1.6229777666312004,9.578257068875068,0.2794733324057997,PostCosecha,0.551,48.79,POSPONER_DEUDA,null,1.0048534452325995,1,0.0,0.0,2.94,3.27,0.33,0.9
,259,15.04,28.95,1.95,16.21,0.2,0.3759,3.9201060475813283,1.6410952272193244,0.0,0.41020052009749614,44.31957580967469,1.6410952272193244,10.363946640141412,0.3784104097917298,PostCosecha,0.629,53.89,POSPONER_DEUDA,null,1.8892396631810935,2,0.0,0.0,0.0,0.0,0.0,0.9
,260,11.75,25.13,1.43,13.81,0.0,0.3718,2.843007557636073,1.0733054779104743,0.0,0.4126573086515279,48.62796976945571,1.0733054779104743,11.040349842787931,0.34922328622757953,PostCosecha,0.622,53.41,POSPONER_DEUDA,null,2.4624921189330777,3,0.0,0.0,0.0,0.0,0.0,0.9
,261,11.95,25.34,1.57,18.12,3.65,0.3676,3.445769612109648,1.4164413022539062,0.48749999999999993,0.44206726247149386,46.216921551561406,0.9289413022539063,8.236280780224053,0.3270719649780506,PostCosecha,0.527,47.04,POSPONER_DEUDA,null,2.899466107513315,4,0.0,0.0,0.0,0.0,0.0,0.9
,262,11.42,24.93,1.21,15.24,0.0,0.3632,2.924889694118054,1.1763171673140755,0.0,0.44191473767730166,48.300441223527784,1.1763171673140755,8.946994200819661,0.39095909052610656,PostCosecha,0.527,47.08,POSPONER_DEUDA,null,3.4532762298847817,5,0.0,0.0,0.0,0.0,0.0,0.9
,263,13.57,27.28,1.13,19.12,0.0,0.3585,3.454643451585039,1.3758224024360808,0.0,0.4026580092107528,46.181426193659846,1.3758224024360808,9.799015447621198,0.3667032058512049,PostCosecha,0.653,55.36,REGAR_COMPLETO,"{""num_pulsos"": 2, ""mm_por_pulso"": 2.11, ""horas_por_pulso"": 2.34, ""descanso_entre_pulsos_h"": 0.5, ""horas_totales_aprox"": 5.18}",0.0,0,4.22,4.69,0.0,0.0,0.0,0.9
,264,14.44,27.47,1.55,13.52,0.0,0.3537,3.1535365584254555,1.4081228575525688,0.0,0.5461393834531311,47.38585376629818,1.4081228575525688,6.352792197994754,0.338291124917263,PostCosecha,0.5,45.0,POSPONER_DEUDA,null,0.6336552858986559,1,0.0,0.0,4.22,4.69,0.47,0.9
,265,12.02,23.59,1.18,11.22,0.2,0.3488,2.320891395322447,0.944287697635846,0.0,0.5585337465494687,50.71643441871021,0.944287697635846,6.695872748395632,0.4840979640560995,PostCosecha,0.476,43.69,POSPONER_DEUDA,null,1.046214580995757,2,0.0,0.0,0.0,0.0,0.0,0.9
,266,9.21,23.06,1.62,17.26,0.2,0.3437,3.023641468297081,1.251333370520394,0.0,0.5141082640940579,47.90543412681168,1.251333370520394,7.221841844483375,0.4697617273140591,PostCosecha,0.5,45.0,POSPONER_DEUDA,null,1.6093145977299343,3,0.0,0.0,0.0,0.0,0.0,0.9
,267,11.95,21.24,1.07,12.46,5.08,0.3384,2.2394276081815607,0.9276082716638969,1.56,0.6265593956120356,51.042289567273755,-0.6323917283361031,2.659848032100742,0.4492697203399012,PostCosecha,0.277,31.59,POSPONER_DEUDA,null,1.2298795607282724,4,0.0,0.0,0.0,0.0,0.0,0.9
,268,10.28,22.72,1.72,20.81,0.0,0.333,3.351690241140941,1.504121228325175,0.0,0.5850065539144853,46.59323903543624,1.504121228325175,3.476072721480695,0.5307183448443633,PostCosecha,0.4,39.63,POSPONER_DEUDA,null,1.8259628035135393,5,0.0,0.0,0.0,0.0,0.0,0.9
,269,9.75,22.38,1.91,17.94,0.0,0.3275,3.0194196184623205,1.2553589161652923,0.0,0.571054333272986,47.92232152615072,1.2553589161652923,4.190350394621953,0.501107076824047,PostCosecha,0.441,41.8,POSPONER_DEUDA,null,2.3507028304706314,6,0.0,0.0,0.0,0.0,0.0,0.9
,270,13.16,20.65,2.43,8.91,0.61,0.3219,2.185249290637747,0.8873012753194305,0.0,0.5969066440330689,51.25900283744902,0.8873012753194305,4.088248748247552,0.47620232796057355,PostCosecha,0.364,37.65,POSPONER_DEUDA,null,2.684771760628397,7,0.0,0.0,0.0,0.0,0.0,0.9
,271,13.83,22.79,1.56,11.18,0.2,0.3162,2.292436186586835,0.9009336243042706,0.0,0.5777236370525284,50.830255253652666,0.9009336243042706,4.417438983003687,0.4723038807702842,PostCosecha,0.421,40.77,POSPONER_DEUDA,null,3.052082399257248,8,0.0,0.0,0.0,0.0,0.0,0.9
,272,13.63,22.52,0.91,10.53,16.24,0.3104,1.9826814880353771,0.964122743222812,9.93,1.0,52.06927404785849,-8.965877256777187,0.4501057496172861,0.45883055533468453,PostCosecha,0.194,0.17,POSPONER_DEUDA,null,0.0,1,0.0,0.0,0.0,0.0,0.0,0.9
,273,11.49,24.33,1.48,17.4,0.2,0.3046,2.956959806758048,1.6373688583393369,0.0,1.0,48.17216077296781,1.6373688583393369,0.9557811966576168,0.75524848459262,PostCosecha,0.194,0.17,POSPONER_DEUDA,null,0.0,1,0.0,0.0,0.0,0.0,0.0,0.9
,274,14.97,20.26,2.44,9.06,0.0,0.2988,1.8868174030959,0.8622659681966413,0.0,1.0,52.4527303876164,0.8622659681966413,1.3763763558700366,0.7300891945636058,PostCosecha,0.194,0.17,POSPONER_DEUDA,null,0.0,1,0.0,0.0,0.0,0.0,0.0,0.9
,275,14.37,22.25,2.15,13.67,0.0,0.2929,2.4883473374718195,1.21700045816043,0.0,0.9960163712264654,50.04661065011272,1.21700045816043,1.9457768787649905,0.7140926166821442,PostCosecha,0.194,0.17,POSPONER_DEUDA,null,0.0,1,0.0,0.0,0.0,0.0,0.0,0.9
,276,12.36,23.59,0.94,17.51,0.2,0.287,2.6513111639471028,1.3754575537812948,0.0,0.9630897639974616,49.394755344211596,1.3754575537812948,2.3709688760910033,0.6917018181220345,PostCosecha,0.194,0.17,POSPONER_DEUDA,null,0.0,1,0.0,0.0,0.0,0.0,0.0,0.9
,277,11.75,25.27,1.18,15.64,0.2,0.2811,2.690536377798004,1.4309437455955196,0.0,0.9369567637425678,49.23785448880798,1.4309437455955196,2.8162718983142105,0.6710370833333825,PostCosecha,0.194,0.17,POSPONER_DEUDA,null,0.0,1,0.0,0.0,0.0,0.0,0.0,0.9
,278,11.15,25.0,1.31,16.48,0.0,0.2752,2.7735746538933035,1.4387947614155416,0.0,0.9028598705363149,48.90570138442679,1.4387947614155416,3.48132234807004,0.6493965816408257,PostCosecha,0.194,0.17,POSPONER_DEUDA,null,0.0,1,0.0,0.0,0.0,0.0,0.0,0.9
,279,13.23,23.93,1.77,17.74,0.0,0.2694,3.072492116847222,1.63292673858547,0.0,0.854699254593305,47.71003153261111,1.63292673858547,4.2352812744499815,0.6229877343405474,PostCosecha,0.209,0.18,POSPONER_DEUDA,null,0.0029392681294538457,2,0.0,0.0,0.0,0.0,0.0,0.9
,280,8.75,22.72,1.77,18.94,0.0,0.2635,2.956179862175756,1.4806459342442322,0.0,0.8308635491181005,48.17528055129698,1.4806459342442322,4.948847378712798,0.5930219821561643,PostCosecha,0.218,23.71,POSPONER_DEUDA,null,0.3540004191387613,3,0.0,0.0,0.0,0.0,0.0,0.9
,281,8.62,25.54,1.13,18.45,0.0,0.2578,2.7874807986887,1.409889725947388,0.0,0.812877552926975,48.8500768052452,1.409889725947388,5.628517430051726,0.5656201135246578,PostCosecha,0.225,24.38,POSPONER_DEUDA,null,0.6977315343247344,4,0.0,0.0,0.0,0.0,0.0,0.9
,282,10.48,24.6,1.52,12.69,0.0,0.2521,2.5967685863716023,1.2742090555262626,0.0,0.7972031556661685,49.612925654513596,1.2742090555262626,6.257397715952751,0.5395261408506471,PostCosecha,0.229,24.63,POSPONER_DEUDA,null,1.011569224700853,5,0.0,0.0,0.0,0.0,0.0,0.9
,283,8.01,19.65,1.46,8.08,0.81,0.2465,1.5501619449992914,0.6224718359492873,0.0,0.8593932666604654,53.79935222000284,0.6224718359492873,5.791616588311442,0.5158306426649042,PostCosecha,0.208,0.18,POSPONER_DEUDA,null,1.0126896740055618,6,0.0,0.0,0.0,0.0,0.0,0.9
,284,7.94,24.06,1.79,14.14,0.2,0.241,2.6038709134787212,1.2237271188558274,0.0,0.7791664570985759,49.58451634608512,1.2237271188558274,6.216024203502742,0.5221948051180144,PostCosecha,0.222,24.8,POSPONER_DEUDA,null,1.316173999481807,7,0.0,0.0,0.0,0.0,0.0,0.9
